{
  "aws_project_region": "us-east-1",
  "aws_cloud_logic_custom": [
    {
      "name": "genaiAPI",
      "endpoint": "https://atx7o81xe0.execute-api.us-east-1.amazonaws.com/dev",
      "region": "us-east-1"
    }
  ],
  "aws_cognito_identity_pool_id": "us-east-1:50bfb8fe-7269-4e48-b608-fabb3f0b299f",
  "aws_cognito_region": "us-east-1",
  "aws_user_pools_id": "us-east-1_Nz43mp2rd",
  "aws_user_pools_web_client_id": "63dcjumo1ouf862fjoiliiloof",
  "oauth": {},
  "aws_cognito_username_attributes": [
    "EMAIL"
  ],
  "aws_cognito_social_providers": [],
  "aws_cognito_signup_attributes": [
    "EMAIL"
  ],
  "aws_cognito_mfa_configuration": "OFF",
  "aws_cognito_mfa_types": [
    "SMS"
  ],
  "aws_cognito_password_protection_settings": {
    "passwordPolicyMinLength": 8,
    "passwordPolicyCharacters": []
  },
  "aws_cognito_verification_mechanisms": [
    "EMAIL"
  ]
}