{
  "aws_project_region": "us-east-1",
  "aws_cloud_logic_custom": [
    {
      "name": "GenAI-RESTAPI-us-east-1-533267267261-5426083",
      "endpoint": "https://ru5w11xm1m.execute-api.us-east-1.amazonaws.com/prod/",
      "region": "us-east-1"
    }
  ],
  "aws_cognito_identity_pool_id": "us-east-1:4128d521-5b3b-4886-9deb-511eeae90624",
  "aws_cognito_region": "us-east-1",
  "aws_user_pools_id": "us-east-1_d3GPtuAhD",
  "aws_user_pools_web_client_id": "15l6mbcep4f50ef1tihel1bm9g",
  "oauth": {},
  "aws_cognito_username_attributes": ["EMAIL"],
  "aws_cognito_social_providers": [],
  "aws_cognito_signup_attributes": ["EMAIL"],
  "aws_cognito_mfa_configuration": "OFF",
  "aws_cognito_mfa_types": ["SMS"],
  "aws_cognito_password_protection_settings": {
    "passwordPolicyMinLength": 8,
    "passwordPolicyCharacters": []
  },
  "aws_cognito_verification_mechanisms": ["EMAIL"]
}
