{
    "ResponseMetadata": {
        "RequestId": "7240a264-a840-4dae-91fe-f0cce93dce30",
        "HTTPStatusCode": 200,
        "HTTPHeaders": {
            "date": "Wed, 07 Aug 2024 21:19:49 GMT",
            "content-type": "application/json",
            "content-length": "11841",
            "connection": "keep-alive",
            "x-amzn-requestid": "7240a264-a840-4dae-91fe-f0cce93dce30",
            "x-amz-apigw-id": "cKC2VE-UoAMEB0g=",
            "x-amzn-trace-id": "Root=1-66b3e4f5-5b4b88b426ec6d381685bfff"
        },
        "RetryAttempts": 0
    },
    "findings": [
        {
            "id": "8c86e7e6-5451-4fed-aaa4-4b051031fa7d",
            "principal": {
                "Federated": "cognito-identity.amazonaws.com"
            },
            "action": [
                "sts:AssumeRoleWithWebIdentity"
            ],
            "resource": "arn:aws:iam::533267267261:role/amplify-genaiwebapp-dev-126b3-unauthRole",
            "isPublic": false,
            "resourceType": "AWS::IAM::Role",
            "condition": {
                "cognito-identity.amazonaws.com:aud": "us-east-1:c1217387-bb34-499b-b84b-e79fc3baf70c"
            },
            "createdAt": "2024-08-07 21:16:57.943000+00:00",
            "analyzedAt": "2024-08-07 21:16:57.943000+00:00",
            "updatedAt": "2024-08-07 21:16:57.943000+00:00",
            "status": "ACTIVE",
            "resourceOwnerAccount": "533267267261"
        },
        {
            "id": "a2ab413f-99bb-41cc-a06a-c4e410be5410",
            "principal": {
                "Federated": "cognito-identity.amazonaws.com"
            },
            "action": [
                "sts:AssumeRoleWithWebIdentity"
            ],
            "resource": "arn:aws:iam::533267267261:role/amplify-genaiwebapp-dev-126b3-authRole",
            "isPublic": false,
            "resourceType": "AWS::IAM::Role",
            "condition": {
                "cognito-identity.amazonaws.com:aud": "us-east-1:c1217387-bb34-499b-b84b-e79fc3baf70c"
            },
            "createdAt": "2024-08-07 21:16:57.943000+00:00",
            "analyzedAt": "2024-08-07 21:16:57.943000+00:00",
            "updatedAt": "2024-08-07 21:16:57.943000+00:00",
            "status": "ACTIVE",
            "resourceOwnerAccount": "533267267261"
        },
        {
            "id": "0e4014d7-9291-4865-a3ed-8a345b8b2da6",
            "principal": {
                "AWS": "727820809195"
            },
            "action": [
                "sts:AssumeRole"
            ],
            "resource": "arn:aws:iam::533267267261:role/Admin",
            "isPublic": false,
            "resourceType": "AWS::IAM::Role",
            "condition": {},
            "createdAt": "2024-08-07 21:16:57.943000+00:00",
            "analyzedAt": "2024-08-07 21:16:57.943000+00:00",
            "updatedAt": "2024-08-07 21:16:57.943000+00:00",
            "status": "ACTIVE",
            "resourceOwnerAccount": "533267267261"
        },
        {
            "id": "43547c3e-f525-47d4-940b-c7a0c94a7ae3",
            "principal": {
                "AWS": "877377650033"
            },
            "action": [
                "sts:AssumeRole"
            ],
            "resource": "arn:aws:iam::533267267261:role/AwsSecurityAudit",
            "isPublic": false,
            "resourceType": "AWS::IAM::Role",
            "condition": {},
            "createdAt": "2024-08-07 21:16:57.943000+00:00",
            "analyzedAt": "2024-08-07 21:16:57.943000+00:00",
            "updatedAt": "2024-08-07 21:16:57.943000+00:00",
            "status": "ACTIVE",
            "resourceOwnerAccount": "533267267261"
        },
        {
            "id": "b1d9b344-2f11-4f2f-a3f6-134846f956ce",
            "principal": {
                "AWS": "222385417670"
            },
            "action": [
                "sts:AssumeRole"
            ],
            "resource": "arn:aws:iam::533267267261:role/GatedGardenInternalAudit",
            "isPublic": false,
            "resourceType": "AWS::IAM::Role",
            "condition": {},
            "createdAt": "2024-08-07 21:16:57.943000+00:00",
            "analyzedAt": "2024-08-07 21:16:57.943000+00:00",
            "updatedAt": "2024-08-07 21:16:57.943000+00:00",
            "status": "ACTIVE",
            "resourceOwnerAccount": "533267267261"
        },
        {
            "id": "0496e6a0-16a9-4a5d-927f-343d064b9e46",
            "principal": {
                "Federated": "cognito-identity.amazonaws.com"
            },
            "action": [
                "sts:AssumeRoleWithWebIdentity"
            ],
            "resource": "arn:aws:iam::533267267261:role/amplify-awsamplifygen2-il-amplifyAuthauthenticatedU-6IXKZ9FYsA5l",
            "isPublic": false,
            "resourceType": "AWS::IAM::Role",
            "condition": {
                "cognito-identity.amazonaws.com:aud": "us-east-1:aefa1115-7375-49cd-90c6-721527a9a675"
            },
            "createdAt": "2024-08-07 21:16:57.943000+00:00",
            "analyzedAt": "2024-08-07 21:16:57.943000+00:00",
            "updatedAt": "2024-08-07 21:16:57.943000+00:00",
            "status": "ACTIVE",
            "resourceOwnerAccount": "533267267261"
        },
        {
            "id": "3d2f15b2-3e6f-4e2a-9dbb-8ea7f339f94a",
            "principal": {
                "AWS": "381492016180"
            },
            "action": [
                "sts:AssumeRole"
            ],
            "resource": "arn:aws:iam::533267267261:role/CloudSeerTrustedServiceRole",
            "isPublic": false,
            "resourceType": "AWS::IAM::Role",
            "condition": {},
            "createdAt": "2024-08-07 21:16:57.943000+00:00",
            "analyzedAt": "2024-08-07 21:16:57.943000+00:00",
            "updatedAt": "2024-08-07 21:16:57.943000+00:00",
            "status": "ACTIVE",
            "resourceOwnerAccount": "533267267261"
        },
        {
            "id": "4a23f58d-30ee-4028-8ba9-c17c73b74ae1",
            "principal": {
                "AWS": "089414261608"
            },
            "action": [
                "sts:AssumeRole"
            ],
            "resource": "arn:aws:iam::533267267261:role/IsengardRoleForDependencyAssuranceIamAnalyzer",
            "isPublic": false,
            "resourceType": "AWS::IAM::Role",
            "condition": {},
            "createdAt": "2024-08-07 21:16:57.943000+00:00",
            "analyzedAt": "2024-08-07 21:16:57.943000+00:00",
            "updatedAt": "2024-08-07 21:16:57.943000+00:00",
            "status": "ACTIVE",
            "resourceOwnerAccount": "533267267261"
        },
        {
            "id": "15abba2c-a2b3-46cc-a41f-397ef2c771fe",
            "principal": {
                "AWS": "214732530209"
            },
            "action": [
                "sts:AssumeRole"
            ],
            "resource": "arn:aws:iam::533267267261:role/AVMContainersUserRole",
            "isPublic": false,
            "resourceType": "AWS::IAM::Role",
            "condition": {},
            "createdAt": "2024-08-07 21:16:57.943000+00:00",
            "analyzedAt": "2024-08-07 21:16:57.943000+00:00",
            "updatedAt": "2024-08-07 21:16:57.943000+00:00",
            "status": "ACTIVE",
            "resourceOwnerAccount": "533267267261"
        },
        {
            "id": "0ec90f45-6353-47b3-87d7-399b3a628acd",
            "principal": {
                "AWS": "727820809195"
            },
            "action": [
                "sts:AssumeRole"
            ],
            "resource": "arn:aws:iam::533267267261:role/DeveloperRole",
            "isPublic": false,
            "resourceType": "AWS::IAM::Role",
            "condition": {},
            "createdAt": "2024-08-07 21:16:57.943000+00:00",
            "analyzedAt": "2024-08-07 21:16:57.943000+00:00",
            "updatedAt": "2024-08-07 21:16:57.943000+00:00",
            "status": "ACTIVE",
            "resourceOwnerAccount": "533267267261"
        },
        {
            "id": "bd008afd-db77-420e-a087-d7d74d4096cb",
            "principal": {
                "AWS": "333692317655"
            },
            "action": [
                "sts:AssumeRole"
            ],
            "resource": "arn:aws:iam::533267267261:role/CloudSeerTrustedServiceRole",
            "isPublic": false,
            "resourceType": "AWS::IAM::Role",
            "condition": {},
            "createdAt": "2024-08-07 21:16:57.943000+00:00",
            "analyzedAt": "2024-08-07 21:16:57.943000+00:00",
            "updatedAt": "2024-08-07 21:16:57.943000+00:00",
            "status": "ACTIVE",
            "resourceOwnerAccount": "533267267261"
        },
        {
            "id": "a7583163-310c-4b45-b2b1-27632f337e77",
            "principal": {
                "AWS": "637423399230"
            },
            "action": [
                "sts:AssumeRole"
            ],
            "resource": "arn:aws:iam::533267267261:role/CloudSeerTrustedServiceRole",
            "isPublic": false,
            "resourceType": "AWS::IAM::Role",
            "condition": {},
            "createdAt": "2024-08-07 21:16:57.943000+00:00",
            "analyzedAt": "2024-08-07 21:16:57.943000+00:00",
            "updatedAt": "2024-08-07 21:16:57.943000+00:00",
            "status": "ACTIVE",
            "resourceOwnerAccount": "533267267261"
        },
        {
            "id": "0e543e8e-d5d5-470f-b93d-2d145a8a3d3b",
            "principal": {
                "AWS": "950184135563"
            },
            "action": [
                "sts:AssumeRole"
            ],
            "resource": "arn:aws:iam::533267267261:role/EC2CapacityReservationService",
            "isPublic": false,
            "resourceType": "AWS::IAM::Role",
            "condition": {},
            "createdAt": "2024-08-07 21:16:57.943000+00:00",
            "analyzedAt": "2024-08-07 21:16:57.943000+00:00",
            "updatedAt": "2024-08-07 21:16:57.943000+00:00",
            "status": "ACTIVE",
            "resourceOwnerAccount": "533267267261"
        },
        {
            "id": "8d5baef5-f1c6-4aa3-9fb9-05ac73638b27",
            "principal": {
                "Federated": "cognito-identity.amazonaws.com"
            },
            "action": [
                "sts:AssumeRoleWithWebIdentity"
            ],
            "resource": "arn:aws:iam::533267267261:role/amplify-genaifrontend-dev-11ac8-authRole",
            "isPublic": false,
            "resourceType": "AWS::IAM::Role",
            "condition": {
                "cognito-identity.amazonaws.com:aud": "us-east-1:50bfb8fe-7269-4e48-b608-fabb3f0b299f"
            },
            "createdAt": "2024-08-07 21:16:57.943000+00:00",
            "analyzedAt": "2024-08-07 21:16:57.943000+00:00",
            "updatedAt": "2024-08-07 21:16:57.943000+00:00",
            "status": "ACTIVE",
            "resourceOwnerAccount": "533267267261"
        },
        {
            "id": "92ff5249-c2e4-4d99-a935-e54799456114",
            "principal": {
                "AWS": "arn:aws:iam::048851363556:role/BrokerService-Prod"
            },
            "action": [
                "sts:AssumeRole",
                "sts:SetSourceIdentity",
                "sts:TagSession"
            ],
            "resource": "arn:aws:iam::533267267261:role/IibsAdminAccess-DO-NOT-DELETE",
            "isPublic": false,
            "resourceType": "AWS::IAM::Role",
            "condition": {},
            "createdAt": "2024-08-07 21:16:57.943000+00:00",
            "analyzedAt": "2024-08-07 21:16:57.943000+00:00",
            "updatedAt": "2024-08-07 21:16:57.943000+00:00",
            "status": "ACTIVE",
            "resourceOwnerAccount": "533267267261"
        },
        {
            "id": "d6795c38-cc37-4a45-a4bb-6f2d5c36a2cb",
            "principal": {
                "AWS": "821027173227"
            },
            "action": [
                "sts:AssumeRole"
            ],
            "resource": "arn:aws:iam::533267267261:role/AWSVAPTAudit",
            "isPublic": false,
            "resourceType": "AWS::IAM::Role",
            "condition": {},
            "createdAt": "2024-08-07 21:16:57.943000+00:00",
            "analyzedAt": "2024-08-07 21:16:57.943000+00:00",
            "updatedAt": "2024-08-07 21:16:57.943000+00:00",
            "status": "ACTIVE",
            "resourceOwnerAccount": "533267267261"
        },
        {
            "id": "f4399b5f-5690-4d21-8596-97c8cdcd68db",
            "principal": {
                "AWS": "796293252539"
            },
            "action": [
                "sts:AssumeRole"
            ],
            "resource": "arn:aws:iam::533267267261:role/IsengardRoleForDependencyAssuranceIamAnalyzer",
            "isPublic": false,
            "resourceType": "AWS::IAM::Role",
            "condition": {},
            "createdAt": "2024-08-07 21:16:57.943000+00:00",
            "analyzedAt": "2024-08-07 21:16:57.943000+00:00",
            "updatedAt": "2024-08-07 21:16:57.943000+00:00",
            "status": "ACTIVE",
            "resourceOwnerAccount": "533267267261"
        },
        {
            "id": "f973488e-ad05-4386-92dc-18a07ed61859",
            "principal": {
                "AWS": "arn:aws:iam::621463273587:role/BrokerService-Prod"
            },
            "action": [
                "sts:AssumeRole",
                "sts:SetSourceIdentity",
                "sts:TagSession"
            ],
            "resource": "arn:aws:iam::533267267261:role/IibsAdminAccess-DO-NOT-DELETE",
            "isPublic": false,
            "resourceType": "AWS::IAM::Role",
            "condition": {},
            "createdAt": "2024-08-07 21:16:57.943000+00:00",
            "analyzedAt": "2024-08-07 21:16:57.943000+00:00",
            "updatedAt": "2024-08-07 21:16:57.943000+00:00",
            "status": "ACTIVE",
            "resourceOwnerAccount": "533267267261"
        },
        {
            "id": "a07b6411-43ee-4e47-9a4e-f6752a26d167",
            "principal": {
                "AWS": "121925031476"
            },
            "action": [
                "sts:AssumeRole"
            ],
            "resource": "arn:aws:iam::533267267261:role/AccessAnalyzerTrustedService",
            "isPublic": false,
            "resourceType": "AWS::IAM::Role",
            "condition": {},
            "createdAt": "2024-08-07 21:16:57.943000+00:00",
            "analyzedAt": "2024-08-07 21:16:57.943000+00:00",
            "updatedAt": "2024-08-07 21:16:57.943000+00:00",
            "status": "ACTIVE",
            "resourceOwnerAccount": "533267267261"
        },
        {
            "id": "28bb6093-cb83-4a4d-ace8-6f805111350e",
            "principal": {
                "AWS": "691002153696"
            },
            "action": [
                "sts:AssumeRole"
            ],
            "resource": "arn:aws:iam::533267267261:role/XenaAuditorRole-DO-NOT-DELETE",
            "isPublic": false,
            "resourceType": "AWS::IAM::Role",
            "condition": {},
            "createdAt": "2024-08-07 21:16:57.943000+00:00",
            "analyzedAt": "2024-08-07 21:16:57.943000+00:00",
            "updatedAt": "2024-08-07 21:16:57.943000+00:00",
            "status": "ACTIVE",
            "resourceOwnerAccount": "533267267261"
        },
        {
            "id": "e2ae8f14-42c7-4dd0-9436-72111ed17e1f",
            "principal": {
                "Federated": "cognito-identity.amazonaws.com"
            },
            "action": [
                "sts:AssumeRoleWithWebIdentity"
            ],
            "resource": "arn:aws:iam::533267267261:role/amplify-genaifrontend-dev-11ac8-unauthRole",
            "isPublic": false,
            "resourceType": "AWS::IAM::Role",
            "condition": {
                "cognito-identity.amazonaws.com:aud": "us-east-1:50bfb8fe-7269-4e48-b608-fabb3f0b299f"
            },
            "createdAt": "2024-08-07 21:16:57.943000+00:00",
            "analyzedAt": "2024-08-07 21:16:57.943000+00:00",
            "updatedAt": "2024-08-07 21:16:57.943000+00:00",
            "status": "ACTIVE",
            "resourceOwnerAccount": "533267267261"
        },
        {
            "id": "2955ccac-9c96-4758-afa0-1357fafb354e",
            "principal": {
                "AWS": "727820809195"
            },
            "action": [
                "sts:AssumeRole"
            ],
            "resource": "arn:aws:iam::533267267261:role/aws-service-role/isengard.aws.internal/AWSServiceRoleForIsengardControllerRoleInternal",
            "isPublic": false,
            "resourceType": "AWS::IAM::Role",
            "condition": {},
            "createdAt": "2024-08-07 21:16:57.943000+00:00",
            "analyzedAt": "2024-08-07 21:16:57.943000+00:00",
            "updatedAt": "2024-08-07 21:16:57.943000+00:00",
            "status": "ACTIVE",
            "resourceOwnerAccount": "533267267261"
        },
        {
            "id": "19aa070b-5b7d-47a7-972a-78a8c2f859a2",
            "principal": {
                "AWS": "533267069473"
            },
            "action": [
                "sts:AssumeRole"
            ],
            "resource": "arn:aws:iam::533267267261:role/CloudSeerTrustedServiceRole",
            "isPublic": false,
            "resourceType": "AWS::IAM::Role",
            "condition": {},
            "createdAt": "2024-08-07 21:16:57.943000+00:00",
            "analyzedAt": "2024-08-07 21:16:57.943000+00:00",
            "updatedAt": "2024-08-07 21:16:57.943000+00:00",
            "status": "ACTIVE",
            "resourceOwnerAccount": "533267267261"
        },
        {
            "id": "892b5f9c-ae04-4b1b-8263-6376d7a860d0",
            "principal": {
                "AWS": "090111104127"
            },
            "action": [
                "sts:AssumeRole"
            ],
            "resource": "arn:aws:iam::533267267261:role/DiscoveryAnalyzerTrustedService-DO-NOT-DELETE",
            "isPublic": false,
            "resourceType": "AWS::IAM::Role",
            "condition": {},
            "createdAt": "2024-08-07 21:16:57.943000+00:00",
            "analyzedAt": "2024-08-07 21:16:57.943000+00:00",
            "updatedAt": "2024-08-07 21:16:57.943000+00:00",
            "status": "ACTIVE",
            "resourceOwnerAccount": "533267267261"
        },
        {
            "id": "bf337277-806c-4358-bde0-80268556dcad",
            "principal": {
                "AWS": "727820809195"
            },
            "action": [
                "sts:AssumeRole"
            ],
            "resource": "arn:aws:iam::533267267261:role/IsengardRole-DO-NOT-DELETE",
            "isPublic": false,
            "resourceType": "AWS::IAM::Role",
            "condition": {},
            "createdAt": "2024-08-07 21:16:57.943000+00:00",
            "analyzedAt": "2024-08-07 21:16:57.943000+00:00",
            "updatedAt": "2024-08-07 21:16:57.943000+00:00",
            "status": "ACTIVE",
            "resourceOwnerAccount": "533267267261"
        },
        {
            "id": "04e1bd40-96b5-460e-9f7d-c0bd070209be",
            "principal": {
                "AWS": "611447770337"
            },
            "action": [
                "sts:AssumeRole"
            ],
            "resource": "arn:aws:iam::533267267261:role/IsengardRoleForDependencyAssuranceIamAnalyzer",
            "isPublic": false,
            "resourceType": "AWS::IAM::Role",
            "condition": {},
            "createdAt": "2024-08-07 21:16:57.943000+00:00",
            "analyzedAt": "2024-08-07 21:16:57.943000+00:00",
            "updatedAt": "2024-08-07 21:16:57.943000+00:00",
            "status": "ACTIVE",
            "resourceOwnerAccount": "533267267261"
        }
    ]
}