{
  "Todo-tb5gaex2kfd3dhvxu6yavft7b4-NONE": {
    "Table": {
      "AttributeDefinitions": [
        {
          "AttributeName": "id",
          "AttributeType": "S"
        }
      ],
      "TableName": "Todo-tb5gaex2kfd3dhvxu6yavft7b4-NONE",
      "KeySchema": [
        {
          "AttributeName": "id",
          "KeyType": "HASH"
        }
      ],
      "TableStatus": "ACTIVE",
      "CreationDateTime": "2024-07-11T15:41:47.744000-07:00",
      "ProvisionedThroughput": {
        "NumberOfDecreasesToday": 0,
        "ReadCapacityUnits": 0,
        "WriteCapacityUnits": 0
      },
      "TableSizeBytes": 0,
      "ItemCount": 0,
      "TableArn": "arn:aws:dynamodb:us-east-1:533267267261:table/Todo-tb5gaex2kfd3dhvxu6yavft7b4-NONE",
      "TableId": "6d73aff6-5aeb-4cec-a0c2-8c8951f46b3a",
      "BillingModeSummary": {
        "BillingMode": "PAY_PER_REQUEST",
        "LastUpdateToPayPerRequestDateTime": "2024-07-11T15:41:47.744000-07:00"
      },
      "StreamSpecification": {
        "StreamEnabled": true,
        "StreamViewType": "NEW_AND_OLD_IMAGES"
      },
      "LatestStreamLabel": "2024-07-11T22:41:47.744",
      "LatestStreamArn": "arn:aws:dynamodb:us-east-1:533267267261:table/Todo-tb5gaex2kfd3dhvxu6yavft7b4-NONE/stream/2024-07-11T22:41:47.744",
      "SSEDescription": {
        "Status": "ENABLED",
        "SSEType": "KMS",
        "KMSMasterKeyArn": "arn:aws:kms:us-east-1:533267267261:key/379ed535-96ad-4f76-b314-8cdf6a51599d"
      },
      "DeletionProtectionEnabled": false
    },
    "ResponseMetadata": {
      "RequestId": "B9PMSMAMD9RQ4RCA86GQ98V2SBVV4KQNSO5AEMVJF66Q9ASUAAJG",
      "HTTPStatusCode": 200,
      "HTTPHeaders": {
        "server": "Server",
        "date": "Wed, 07 Aug 2024 21:08:46 GMT",
        "content-type": "application/x-amz-json-1.0",
        "content-length": "1198",
        "connection": "keep-alive",
        "x-amzn-requestid": "B9PMSMAMD9RQ4RCA86GQ98V2SBVV4KQNSO5AEMVJF66Q9ASUAAJG",
        "x-amz-crc32": "2250343678"
      },
      "RetryAttempts": 0
    }
  },
  "genaichatbot_conversationtb": {
    "Table": {
      "AttributeDefinitions": [
        {
          "AttributeName": "conversation_id",
          "AttributeType": "S"
        },
        {
          "AttributeName": "user_email",
          "AttributeType": "S"
        }
      ],
      "TableName": "genaichatbot_conversationtb",
      "KeySchema": [
        {
          "AttributeName": "conversation_id",
          "KeyType": "HASH"
        }
      ],
      "TableStatus": "ACTIVE",
      "CreationDateTime": "2024-07-22T11:17:52.452000-07:00",
      "ProvisionedThroughput": {
        "NumberOfDecreasesToday": 0,
        "ReadCapacityUnits": 5,
        "WriteCapacityUnits": 5
      },
      "TableSizeBytes": 19851,
      "ItemCount": 5,
      "TableArn": "arn:aws:dynamodb:us-east-1:533267267261:table/genaichatbot_conversationtb",
      "TableId": "d3f8c380-5677-4379-b669-cf6ac759be33",
      "GlobalSecondaryIndexes": [
        {
          "IndexName": "user_email-index",
          "KeySchema": [
            {
              "AttributeName": "user_email",
              "KeyType": "HASH"
            }
          ],
          "Projection": {
            "ProjectionType": "ALL"
          },
          "IndexStatus": "ACTIVE",
          "ProvisionedThroughput": {
            "NumberOfDecreasesToday": 0,
            "ReadCapacityUnits": 5,
            "WriteCapacityUnits": 5
          },
          "IndexSizeBytes": 19851,
          "ItemCount": 5,
          "IndexArn": "arn:aws:dynamodb:us-east-1:533267267261:table/genaichatbot_conversationtb/index/user_email-index"
        }
      ],
      "TableClassSummary": {
        "TableClass": "STANDARD"
      },
      "DeletionProtectionEnabled": false
    },
    "ResponseMetadata": {
      "RequestId": "HR4DIIQSNJVB1VGIC59MVI7NANVV4KQNSO5AEMVJF66Q9ASUAAJG",
      "HTTPStatusCode": 200,
      "HTTPHeaders": {
        "server": "Server",
        "date": "Wed, 07 Aug 2024 21:08:46 GMT",
        "content-type": "application/x-amz-json-1.0",
        "content-length": "1090",
        "connection": "keep-alive",
        "x-amzn-requestid": "HR4DIIQSNJVB1VGIC59MVI7NANVV4KQNSO5AEMVJF66Q9ASUAAJG",
        "x-amz-crc32": "1999665939"
      },
      "RetryAttempts": 0
    }
  },
  "genaichatbot_tb": {
    "Table": {
      "AttributeDefinitions": [
        {
          "AttributeName": "audit_domain",
          "AttributeType": "S"
        },
        {
          "AttributeName": "domain_id",
          "AttributeType": "N"
        },
        {
          "AttributeName": "knowledge_base_id",
          "AttributeType": "S"
        },
        {
          "AttributeName": "subdomain",
          "AttributeType": "S"
        }
      ],
      "TableName": "genaichatbot_tb",
      "KeySchema": [
        {
          "AttributeName": "domain_id",
          "KeyType": "HASH"
        }
      ],
      "TableStatus": "ACTIVE",
      "CreationDateTime": "2024-07-12T15:01:54.835000-07:00",
      "ProvisionedThroughput": {
        "NumberOfDecreasesToday": 0,
        "ReadCapacityUnits": 5,
        "WriteCapacityUnits": 5
      },
      "TableSizeBytes": 2865,
      "ItemCount": 1,
      "TableArn": "arn:aws:dynamodb:us-east-1:533267267261:table/genaichatbot_tb",
      "TableId": "9b11d057-11b2-469f-b368-b043ce640014",
      "GlobalSecondaryIndexes": [
        {
          "IndexName": "audit_domain-subdomain-index",
          "KeySchema": [
            {
              "AttributeName": "audit_domain",
              "KeyType": "HASH"
            },
            {
              "AttributeName": "subdomain",
              "KeyType": "RANGE"
            }
          ],
          "Projection": {
            "ProjectionType": "ALL"
          },
          "IndexStatus": "ACTIVE",
          "ProvisionedThroughput": {
            "NumberOfDecreasesToday": 0,
            "ReadCapacityUnits": 5,
            "WriteCapacityUnits": 5
          },
          "IndexSizeBytes": 2865,
          "ItemCount": 1,
          "IndexArn": "arn:aws:dynamodb:us-east-1:533267267261:table/genaichatbot_tb/index/audit_domain-subdomain-index"
        },
        {
          "IndexName": "knowledge_base_id",
          "KeySchema": [
            {
              "AttributeName": "knowledge_base_id",
              "KeyType": "HASH"
            }
          ],
          "Projection": {
            "ProjectionType": "ALL"
          },
          "IndexStatus": "ACTIVE",
          "ProvisionedThroughput": {
            "NumberOfDecreasesToday": 0,
            "ReadCapacityUnits": 5,
            "WriteCapacityUnits": 5
          },
          "IndexSizeBytes": 2865,
          "ItemCount": 1,
          "IndexArn": "arn:aws:dynamodb:us-east-1:533267267261:table/genaichatbot_tb/index/knowledge_base_id"
        }
      ],
      "TableClassSummary": {
        "TableClass": "STANDARD"
      },
      "DeletionProtectionEnabled": false
    },
    "ResponseMetadata": {
      "RequestId": "C42HESDNL78I7CQ68POI2CADPVVV4KQNSO5AEMVJF66Q9ASUAAJG",
      "HTTPStatusCode": 200,
      "HTTPHeaders": {
        "server": "Server",
        "date": "Wed, 07 Aug 2024 21:08:46 GMT",
        "content-type": "application/x-amz-json-1.0",
        "content-length": "1621",
        "connection": "keep-alive",
        "x-amzn-requestid": "C42HESDNL78I7CQ68POI2CADPVVV4KQNSO5AEMVJF66Q9ASUAAJG",
        "x-amz-crc32": "1448537507"
      },
      "RetryAttempts": 0
    }
  }
}
