{
    "amplify-amplifynexttemplate-genaidev-7ba9c-deployment": {
        "ResponseMetadata": {
            "RequestId": "GQQ4NWBQV4A193M1",
            "HostId": "g7eDddmPm+DNjT2vnTDjcoesGHFA103TPYK8iYy+ZdHIyzS42llV6fjaH35RjQedtYueONgcDF8=",
            "HTTPStatusCode": 200,
            "HTTPHeaders": {
                "x-amz-id-2": "g7eDddmPm+DNjT2vnTDjcoesGHFA103TPYK8iYy+ZdHIyzS42llV6fjaH35RjQedtYueONgcDF8=",
                "x-amz-request-id": "GQQ4NWBQV4A193M1",
                "date": "Wed, 07 Aug 2024 21:04:17 GMT",
                "transfer-encoding": "chunked",
                "server": "AmazonS3"
            },
            "RetryAttempts": 0
        },
        "ServerSideEncryptionConfiguration": {
            "Rules": [
                {
                    "ApplyServerSideEncryptionByDefault": {
                        "SSEAlgorithm": "AES256"
                    },
                    "BucketKeyEnabled": false
                }
            ]
        }
    },
    "amplify-awsamplifygen2-il-amplifydataamplifycodege-2fworqhdjo6k": {
        "ResponseMetadata": {
            "RequestId": "AR3FBDTTMKMVA33N",
            "HostId": "o4Bgx+E8g5OrhpAUdD1IQ72/TmibqL2QY4n15E06KWUuZUrF9e/03SOkZgOdCywVP3/7Z2Mj6Ko=",
            "HTTPStatusCode": 200,
            "HTTPHeaders": {
                "x-amz-id-2": "o4Bgx+E8g5OrhpAUdD1IQ72/TmibqL2QY4n15E06KWUuZUrF9e/03SOkZgOdCywVP3/7Z2Mj6Ko=",
                "x-amz-request-id": "AR3FBDTTMKMVA33N",
                "date": "Wed, 07 Aug 2024 21:04:18 GMT",
                "transfer-encoding": "chunked",
                "server": "AmazonS3"
            },
            "RetryAttempts": 0
        },
        "ServerSideEncryptionConfiguration": {
            "Rules": [
                {
                    "ApplyServerSideEncryptionByDefault": {
                        "SSEAlgorithm": "AES256"
                    },
                    "BucketKeyEnabled": false
                }
            ]
        }
    },
    "amplify-genaichatbotapp-dev-1fc51-deployment": {
        "ResponseMetadata": {
            "RequestId": "AR3DPVNJD1NX6PEH",
            "HostId": "6Q+PTogOPo9swgcYGTRiuLzeh6M46/RkTJw6CEeu41NcnFn+yec/b4CFflX3ZWBr8FiIyAtB0K0=",
            "HTTPStatusCode": 200,
            "HTTPHeaders": {
                "x-amz-id-2": "6Q+PTogOPo9swgcYGTRiuLzeh6M46/RkTJw6CEeu41NcnFn+yec/b4CFflX3ZWBr8FiIyAtB0K0=",
                "x-amz-request-id": "AR3DPVNJD1NX6PEH",
                "date": "Wed, 07 Aug 2024 21:04:18 GMT",
                "transfer-encoding": "chunked",
                "server": "AmazonS3"
            },
            "RetryAttempts": 0
        },
        "ServerSideEncryptionConfiguration": {
            "Rules": [
                {
                    "ApplyServerSideEncryptionByDefault": {
                        "SSEAlgorithm": "AES256"
                    },
                    "BucketKeyEnabled": false
                }
            ]
        }
    },
    "amplify-genaifrontend-dev-11ac8-deployment": {
        "ResponseMetadata": {
            "RequestId": "AR342VXMDEXXJX57",
            "HostId": "9A/oVNwgGz3GAzCRWStOi7H94KCc8FiUWpUFhweo/kwM2aZNy2DP3aDxooykPl3xUvJ5TkYfylQ=",
            "HTTPStatusCode": 200,
            "HTTPHeaders": {
                "x-amz-id-2": "9A/oVNwgGz3GAzCRWStOi7H94KCc8FiUWpUFhweo/kwM2aZNy2DP3aDxooykPl3xUvJ5TkYfylQ=",
                "x-amz-request-id": "AR342VXMDEXXJX57",
                "date": "Wed, 07 Aug 2024 21:04:18 GMT",
                "transfer-encoding": "chunked",
                "server": "AmazonS3"
            },
            "RetryAttempts": 0
        },
        "ServerSideEncryptionConfiguration": {
            "Rules": [
                {
                    "ApplyServerSideEncryptionByDefault": {
                        "SSEAlgorithm": "AES256"
                    },
                    "BucketKeyEnabled": false
                }
            ]
        }
    },
    "amplify-genaiwebapp-dev-126b3-deployment": {
        "ResponseMetadata": {
            "RequestId": "AR30QRGV6MYQB59E",
            "HostId": "N/XIB4STkBstXe7/LYbcePc6oc1ta+tEa96QbHFMGDuVMJssdhO1lc6bKkmWOXfIOn9bM+DLaYI=",
            "HTTPStatusCode": 200,
            "HTTPHeaders": {
                "x-amz-id-2": "N/XIB4STkBstXe7/LYbcePc6oc1ta+tEa96QbHFMGDuVMJssdhO1lc6bKkmWOXfIOn9bM+DLaYI=",
                "x-amz-request-id": "AR30QRGV6MYQB59E",
                "date": "Wed, 07 Aug 2024 21:04:18 GMT",
                "transfer-encoding": "chunked",
                "server": "AmazonS3"
            },
            "RetryAttempts": 0
        },
        "ServerSideEncryptionConfiguration": {
            "Rules": [
                {
                    "ApplyServerSideEncryptionByDefault": {
                        "SSEAlgorithm": "AES256"
                    },
                    "BucketKeyEnabled": false
                }
            ]
        }
    },
    "cdk-hnb659fds-assets-533267267261-us-east-1": {
        "ResponseMetadata": {
            "RequestId": "NJ17W51VEYCYDMQR",
            "HostId": "nWLiaDWO/mseKizGocrzbQRi2JXAtTwQTSvAIx6E8BMmBADgALMqV95mQZpZDLuI2xYoBkLQibw=",
            "HTTPStatusCode": 200,
            "HTTPHeaders": {
                "x-amz-id-2": "nWLiaDWO/mseKizGocrzbQRi2JXAtTwQTSvAIx6E8BMmBADgALMqV95mQZpZDLuI2xYoBkLQibw=",
                "x-amz-request-id": "NJ17W51VEYCYDMQR",
                "date": "Wed, 07 Aug 2024 21:04:19 GMT",
                "transfer-encoding": "chunked",
                "server": "AmazonS3"
            },
            "RetryAttempts": 0
        },
        "ServerSideEncryptionConfiguration": {
            "Rules": [
                {
                    "ApplyServerSideEncryptionByDefault": {
                        "SSEAlgorithm": "aws:kms"
                    },
                    "BucketKeyEnabled": false
                }
            ]
        }
    },
    "cloudtrail-awslogs-533267267261-8wtvovmw-isengard-do-not-delete": {
        "ResponseMetadata": {
            "RequestId": "NJ109XKTS73K5ADX",
            "HostId": "Qqb+56OGfWztBAc0SwxjSoIR9YsFJRnA+q9wHptozH1QKSFefUzLMBmTGnqVw9cATc0mrzjrP4I=",
            "HTTPStatusCode": 200,
            "HTTPHeaders": {
                "x-amz-id-2": "Qqb+56OGfWztBAc0SwxjSoIR9YsFJRnA+q9wHptozH1QKSFefUzLMBmTGnqVw9cATc0mrzjrP4I=",
                "x-amz-request-id": "NJ109XKTS73K5ADX",
                "date": "Wed, 07 Aug 2024 21:04:19 GMT",
                "transfer-encoding": "chunked",
                "server": "AmazonS3"
            },
            "RetryAttempts": 0
        },
        "ServerSideEncryptionConfiguration": {
            "Rules": [
                {
                    "ApplyServerSideEncryptionByDefault": {
                        "SSEAlgorithm": "AES256"
                    },
                    "BucketKeyEnabled": false
                }
            ]
        }
    },
    "config-bucket-533267267261": {
        "ResponseMetadata": {
            "RequestId": "NJ158EYJ8J8ZFT2Y",
            "HostId": "UEM59QBeAEjU2T1jx4lH6wORg+3x1RQ2t0zcco6HeXcEdnq24oKHWS56KubV252WMaqpFWKxLOY=",
            "HTTPStatusCode": 200,
            "HTTPHeaders": {
                "x-amz-id-2": "UEM59QBeAEjU2T1jx4lH6wORg+3x1RQ2t0zcco6HeXcEdnq24oKHWS56KubV252WMaqpFWKxLOY=",
                "x-amz-request-id": "NJ158EYJ8J8ZFT2Y",
                "date": "Wed, 07 Aug 2024 21:04:19 GMT",
                "transfer-encoding": "chunked",
                "server": "AmazonS3"
            },
            "RetryAttempts": 0
        },
        "ServerSideEncryptionConfiguration": {
            "Rules": [
                {
                    "ApplyServerSideEncryptionByDefault": {
                        "SSEAlgorithm": "AES256"
                    },
                    "BucketKeyEnabled": false
                }
            ]
        }
    },
    "genai-datasource-landing-bucket": {
        "ResponseMetadata": {
            "RequestId": "NJ1C263M25YB9MWZ",
            "HostId": "v7+P0l61dtSSfuRdgIiO2JTExlKIGKYyprz9iInDTX4U+/KLMTESOrm0anTy5fC0PHEFgNpl4ZopZptptuwAvSq5v3LEK4Rb",
            "HTTPStatusCode": 200,
            "HTTPHeaders": {
                "x-amz-id-2": "v7+P0l61dtSSfuRdgIiO2JTExlKIGKYyprz9iInDTX4U+/KLMTESOrm0anTy5fC0PHEFgNpl4ZopZptptuwAvSq5v3LEK4Rb",
                "x-amz-request-id": "NJ1C263M25YB9MWZ",
                "date": "Wed, 07 Aug 2024 21:04:19 GMT",
                "transfer-encoding": "chunked",
                "server": "AmazonS3"
            },
            "RetryAttempts": 0
        },
        "ServerSideEncryptionConfiguration": {
            "Rules": [
                {
                    "ApplyServerSideEncryptionByDefault": {
                        "SSEAlgorithm": "AES256"
                    },
                    "BucketKeyEnabled": true
                }
            ]
        }
    },
    "genai-service-landing-bucket": {
        "ResponseMetadata": {
            "RequestId": "KYVFX6D9A1GXVYTN",
            "HostId": "HipxPmhi7HccwvoiLd64Pd6nE5ZUwvQOwNRhv+J7OzdZFINK1jAHGsiyxjfGpMF056774dYy+B0JNnTjo3Ef1A3B/o0AQ2O3",
            "HTTPStatusCode": 200,
            "HTTPHeaders": {
                "x-amz-id-2": "HipxPmhi7HccwvoiLd64Pd6nE5ZUwvQOwNRhv+J7OzdZFINK1jAHGsiyxjfGpMF056774dYy+B0JNnTjo3Ef1A3B/o0AQ2O3",
                "x-amz-request-id": "KYVFX6D9A1GXVYTN",
                "date": "Wed, 07 Aug 2024 21:04:20 GMT",
                "transfer-encoding": "chunked",
                "server": "AmazonS3"
            },
            "RetryAttempts": 0
        },
        "ServerSideEncryptionConfiguration": {
            "Rules": [
                {
                    "ApplyServerSideEncryptionByDefault": {
                        "SSEAlgorithm": "AES256"
                    },
                    "BucketKeyEnabled": true
                }
            ]
        }
    },
    "genai-unsupportedfiles-landing-bucket": {
        "ResponseMetadata": {
            "RequestId": "KYVAAA193V0YY81Z",
            "HostId": "6IMz9J3Vfn7XoD3XeCPhtOdikHq+eVF2cX3JSpFXGweiC+iu0XEK8+fpjCVeozV5yIbvNjdyEy+0IfWBGVKPxWWrZzHt15yk",
            "HTTPStatusCode": 200,
            "HTTPHeaders": {
                "x-amz-id-2": "6IMz9J3Vfn7XoD3XeCPhtOdikHq+eVF2cX3JSpFXGweiC+iu0XEK8+fpjCVeozV5yIbvNjdyEy+0IfWBGVKPxWWrZzHt15yk",
                "x-amz-request-id": "KYVAAA193V0YY81Z",
                "date": "Wed, 07 Aug 2024 21:04:20 GMT",
                "transfer-encoding": "chunked",
                "server": "AmazonS3"
            },
            "RetryAttempts": 0
        },
        "ServerSideEncryptionConfiguration": {
            "Rules": [
                {
                    "ApplyServerSideEncryptionByDefault": {
                        "SSEAlgorithm": "AES256"
                    },
                    "BucketKeyEnabled": true
                }
            ]
        }
    },
    "genai-user-landing-bucket": {
        "ResponseMetadata": {
            "RequestId": "KYV16PHFJ1JWSNF5",
            "HostId": "wdOfjGU/yHG+OTwW9bDS4RHlhmCV6tJyM1S5FqIOuyeqSOeyORhQmnMqZvV9lKmXYBSGbGpmX2sSor/I3jnEJa3oQvPeejQa",
            "HTTPStatusCode": 200,
            "HTTPHeaders": {
                "x-amz-id-2": "wdOfjGU/yHG+OTwW9bDS4RHlhmCV6tJyM1S5FqIOuyeqSOeyORhQmnMqZvV9lKmXYBSGbGpmX2sSor/I3jnEJa3oQvPeejQa",
                "x-amz-request-id": "KYV16PHFJ1JWSNF5",
                "date": "Wed, 07 Aug 2024 21:04:20 GMT",
                "transfer-encoding": "chunked",
                "server": "AmazonS3"
            },
            "RetryAttempts": 0
        },
        "ServerSideEncryptionConfiguration": {
            "Rules": [
                {
                    "ApplyServerSideEncryptionByDefault": {
                        "SSEAlgorithm": "AES256"
                    },
                    "BucketKeyEnabled": true
                }
            ]
        }
    },
    "illusjw-iamanothertestbucket": {
        "ResponseMetadata": {
            "RequestId": "MW4PXPF769HJR9HQ",
            "HostId": "6sS/20hkEClblo6UVe7REl0SlwHWsCT8rcV/uSapoCAf0LbNRNEArECosLqcoFcTFlSumK58rPw=",
            "HTTPStatusCode": 200,
            "HTTPHeaders": {
                "x-amz-id-2": "6sS/20hkEClblo6UVe7REl0SlwHWsCT8rcV/uSapoCAf0LbNRNEArECosLqcoFcTFlSumK58rPw=",
                "x-amz-request-id": "MW4PXPF769HJR9HQ",
                "date": "Wed, 07 Aug 2024 21:04:21 GMT",
                "transfer-encoding": "chunked",
                "server": "AmazonS3"
            },
            "RetryAttempts": 0
        },
        "ServerSideEncryptionConfiguration": {
            "Rules": [
                {
                    "ApplyServerSideEncryptionByDefault": {
                        "SSEAlgorithm": "AES256"
                    },
                    "BucketKeyEnabled": true
                }
            ]
        }
    }
}