[
    {
        "AmiLaunchIndex": 0,
        "ImageId": "ami-04a81a99f5ec58529",
        "InstanceId": "i-0a17296e5dc63066a",
        "InstanceType": "t2.micro",
        "LaunchTime": "2024-08-12 17:08:09+00:00",
        "Monitoring": {
            "State": "disabled"
        },
        "Placement": {
            "AvailabilityZone": "us-east-1a",
            "GroupName": "",
            "Tenancy": "default"
        },
        "PrivateDnsName": "ip-172-31-90-127.ec2.internal",
        "PrivateIpAddress": "172.31.90.127",
        "ProductCodes": [],
        "PublicDnsName": "ec2-3-93-219-72.compute-1.amazonaws.com",
        "PublicIpAddress": "3.93.219.72",
        "State": {
            "Code": 16,
            "Name": "running"
        },
        "StateTransitionReason": "",
        "SubnetId": "subnet-046eb8ff87263dd8d",
        "VpcId": "vpc-02380d6ec74fb4c33",
        "Architecture": "x86_64",
        "BlockDeviceMappings": [
            {
                "DeviceName": "/dev/sda1",
                "Ebs": {
                    "AttachTime": "2024-08-12 17:08:10+00:00",
                    "DeleteOnTermination": true,
                    "Status": "attached",
                    "VolumeId": "vol-0fc53a56cb920fc4b"
                }
            }
        ],
        "ClientToken": "57463aff-56e5-4ca2-9cae-d87d3aaf0e9c",
        "EbsOptimized": false,
        "EnaSupport": true,
        "Hypervisor": "xen",
        "NetworkInterfaces": [
            {
                "Association": {
                    "IpOwnerId": "amazon",
                    "PublicDnsName": "ec2-3-93-219-72.compute-1.amazonaws.com",
                    "PublicIp": "3.93.219.72"
                },
                "Attachment": {
                    "AttachTime": "2024-08-12 17:08:09+00:00",
                    "AttachmentId": "eni-attach-070115b46771d381d",
                    "DeleteOnTermination": true,
                    "DeviceIndex": 0,
                    "Status": "attached",
                    "NetworkCardIndex": 0
                },
                "Description": "",
                "Groups": [
                    {
                        "GroupName": "launch-wizard-1",
                        "GroupId": "sg-05a803e96a4b89114"
                    }
                ],
                "Ipv6Addresses": [],
                "MacAddress": "12:f4:c7:f2:6e:07",
                "NetworkInterfaceId": "eni-03ba726ff29b81969",
                "OwnerId": "533267267261",
                "PrivateDnsName": "ip-172-31-90-127.ec2.internal",
                "PrivateIpAddress": "172.31.90.127",
                "PrivateIpAddresses": [
                    {
                        "Association": {
                            "IpOwnerId": "amazon",
                            "PublicDnsName": "ec2-3-93-219-72.compute-1.amazonaws.com",
                            "PublicIp": "3.93.219.72"
                        },
                        "Primary": true,
                        "PrivateDnsName": "ip-172-31-90-127.ec2.internal",
                        "PrivateIpAddress": "172.31.90.127"
                    }
                ],
                "SourceDestCheck": true,
                "Status": "in-use",
                "SubnetId": "subnet-046eb8ff87263dd8d",
                "VpcId": "vpc-02380d6ec74fb4c33",
                "InterfaceType": "interface"
            }
        ],
        "RootDeviceName": "/dev/sda1",
        "RootDeviceType": "ebs",
        "SecurityGroups": [
            {
                "GroupName": "launch-wizard-1",
                "GroupId": "sg-05a803e96a4b89114"
            }
        ],
        "SourceDestCheck": true,
        "Tags": [
            {
                "Key": "Name",
                "Value": "UbuntuLinuxMachine"
            }
        ],
        "VirtualizationType": "hvm",
        "CpuOptions": {
            "CoreCount": 1,
            "ThreadsPerCore": 1
        },
        "CapacityReservationSpecification": {
            "CapacityReservationPreference": "open"
        },
        "HibernationOptions": {
            "Configured": false
        },
        "MetadataOptions": {
            "State": "applied",
            "HttpTokens": "required",
            "HttpPutResponseHopLimit": 2,
            "HttpEndpoint": "enabled",
            "HttpProtocolIpv6": "disabled",
            "InstanceMetadataTags": "disabled"
        },
        "EnclaveOptions": {
            "Enabled": false
        },
        "BootMode": "uefi-preferred",
        "PlatformDetails": "Linux/UNIX",
        "UsageOperation": "RunInstances",
        "UsageOperationUpdateTime": "2024-08-12 17:08:09+00:00",
        "PrivateDnsNameOptions": {
            "HostnameType": "ip-name",
            "EnableResourceNameDnsARecord": true,
            "EnableResourceNameDnsAAAARecord": false
        },
        "MaintenanceOptions": {
            "AutoRecovery": "default"
        },
        "CurrentInstanceBootMode": "legacy-bios"
    },
    {
        "AmiLaunchIndex": 0,
        "ImageId": "ami-0ae8f15ae66fe8cda",
        "InstanceId": "i-0a9225486655b6f98",
        "InstanceType": "t2.micro",
        "LaunchTime": "2024-08-12 17:06:20+00:00",
        "Monitoring": {
            "State": "disabled"
        },
        "Placement": {
            "AvailabilityZone": "us-east-1a",
            "GroupName": "",
            "Tenancy": "default"
        },
        "PrivateDnsName": "ip-172-31-81-48.ec2.internal",
        "PrivateIpAddress": "172.31.81.48",
        "ProductCodes": [],
        "PublicDnsName": "ec2-3-95-7-142.compute-1.amazonaws.com",
        "PublicIpAddress": "3.95.7.142",
        "State": {
            "Code": 16,
            "Name": "running"
        },
        "StateTransitionReason": "",
        "SubnetId": "subnet-046eb8ff87263dd8d",
        "VpcId": "vpc-02380d6ec74fb4c33",
        "Architecture": "x86_64",
        "BlockDeviceMappings": [
            {
                "DeviceName": "/dev/xvda",
                "Ebs": {
                    "AttachTime": "2024-08-12 17:06:21+00:00",
                    "DeleteOnTermination": true,
                    "Status": "attached",
                    "VolumeId": "vol-0521c0484c6356541"
                }
            }
        ],
        "ClientToken": "1e950c0d-3c18-46f0-97bc-ff17953795b0",
        "EbsOptimized": false,
        "EnaSupport": true,
        "Hypervisor": "xen",
        "NetworkInterfaces": [
            {
                "Association": {
                    "IpOwnerId": "amazon",
                    "PublicDnsName": "ec2-3-95-7-142.compute-1.amazonaws.com",
                    "PublicIp": "3.95.7.142"
                },
                "Attachment": {
                    "AttachTime": "2024-08-12 17:06:20+00:00",
                    "AttachmentId": "eni-attach-02c4dbb557ca38ab2",
                    "DeleteOnTermination": true,
                    "DeviceIndex": 0,
                    "Status": "attached",
                    "NetworkCardIndex": 0
                },
                "Description": "",
                "Groups": [
                    {
                        "GroupName": "launch-wizard-1",
                        "GroupId": "sg-05a803e96a4b89114"
                    }
                ],
                "Ipv6Addresses": [],
                "MacAddress": "12:43:0c:e7:90:7d",
                "NetworkInterfaceId": "eni-056e10e64ffeca24d",
                "OwnerId": "533267267261",
                "PrivateDnsName": "ip-172-31-81-48.ec2.internal",
                "PrivateIpAddress": "172.31.81.48",
                "PrivateIpAddresses": [
                    {
                        "Association": {
                            "IpOwnerId": "amazon",
                            "PublicDnsName": "ec2-3-95-7-142.compute-1.amazonaws.com",
                            "PublicIp": "3.95.7.142"
                        },
                        "Primary": true,
                        "PrivateDnsName": "ip-172-31-81-48.ec2.internal",
                        "PrivateIpAddress": "172.31.81.48"
                    }
                ],
                "SourceDestCheck": true,
                "Status": "in-use",
                "SubnetId": "subnet-046eb8ff87263dd8d",
                "VpcId": "vpc-02380d6ec74fb4c33",
                "InterfaceType": "interface"
            }
        ],
        "RootDeviceName": "/dev/xvda",
        "RootDeviceType": "ebs",
        "SecurityGroups": [
            {
                "GroupName": "launch-wizard-1",
                "GroupId": "sg-05a803e96a4b89114"
            }
        ],
        "SourceDestCheck": true,
        "Tags": [
            {
                "Key": "Name",
                "Value": "Linux2023Machine"
            }
        ],
        "VirtualizationType": "hvm",
        "CpuOptions": {
            "CoreCount": 1,
            "ThreadsPerCore": 1
        },
        "CapacityReservationSpecification": {
            "CapacityReservationPreference": "open"
        },
        "HibernationOptions": {
            "Configured": false
        },
        "MetadataOptions": {
            "State": "applied",
            "HttpTokens": "required",
            "HttpPutResponseHopLimit": 2,
            "HttpEndpoint": "enabled",
            "HttpProtocolIpv6": "disabled",
            "InstanceMetadataTags": "disabled"
        },
        "EnclaveOptions": {
            "Enabled": false
        },
        "BootMode": "uefi-preferred",
        "PlatformDetails": "Linux/UNIX",
        "UsageOperation": "RunInstances",
        "UsageOperationUpdateTime": "2024-08-12 17:06:20+00:00",
        "PrivateDnsNameOptions": {
            "HostnameType": "ip-name",
            "EnableResourceNameDnsARecord": true,
            "EnableResourceNameDnsAAAARecord": false
        },
        "MaintenanceOptions": {
            "AutoRecovery": "default"
        },
        "CurrentInstanceBootMode": "legacy-bios"
    }
]