{
  "approved-amis-by-id": [
    {
      "EvaluationResultIdentifier": {
        "EvaluationResultQualifier": {
          "ConfigRuleName": "approved-amis-by-id",
          "ResourceType": "AWS::EC2::Instance",
          "ResourceId": "i-0a9225486655b6f98",
          "EvaluationMode": "DETECTIVE"
        },
        "OrderingTimestamp": "2024-08-12 10:08:38.910000-07:00"
      },
      "ComplianceType": "COMPLIANT",
      "ResultRecordedTime": "2024-08-12 10:09:07.270000-07:00",
      "ConfigRuleInvokedTime": "2024-08-12 10:09:07.090000-07:00"
    },
    {
      "EvaluationResultIdentifier": {
        "EvaluationResultQualifier": {
          "ConfigRuleName": "approved-amis-by-id",
          "ResourceType": "AWS::EC2::Instance",
          "ResourceId": "i-0a17296e5dc63066a",
          "EvaluationMode": "DETECTIVE"
        },
        "OrderingTimestamp": "2024-08-12 10:08:41.658000-07:00"
      },
      "ComplianceType": "NON_COMPLIANT",
      "ResultRecordedTime": "2024-08-12 10:09:09.350000-07:00",
      "ConfigRuleInvokedTime": "2024-08-12 10:09:09.119000-07:00"
    }
  ],
  "ec2-no-amazon-key-pair": [
    {
      "EvaluationResultIdentifier": {
        "EvaluationResultQualifier": {
          "ConfigRuleName": "ec2-no-amazon-key-pair",
          "ResourceType": "AWS::EC2::Instance",
          "ResourceId": "i-0a17296e5dc63066a",
          "EvaluationMode": "DETECTIVE"
        },
        "OrderingTimestamp": "2024-08-12 10:08:41.658000-07:00"
      },
      "ComplianceType": "COMPLIANT",
      "ResultRecordedTime": "2024-08-12 10:19:08.326000-07:00",
      "ConfigRuleInvokedTime": "2024-08-12 10:19:06.463000-07:00"
    },
    {
      "EvaluationResultIdentifier": {
        "EvaluationResultQualifier": {
          "ConfigRuleName": "ec2-no-amazon-key-pair",
          "ResourceType": "AWS::EC2::Instance",
          "ResourceId": "i-0a9225486655b6f98",
          "EvaluationMode": "DETECTIVE"
        },
        "OrderingTimestamp": "2024-08-12 10:08:38.910000-07:00"
      },
      "ComplianceType": "COMPLIANT",
      "ResultRecordedTime": "2024-08-12 10:19:23.429000-07:00",
      "ConfigRuleInvokedTime": "2024-08-12 10:19:21.087000-07:00"
    }
  ]
}
